<DownloadConfig xmlns="http://schemas.datacontract.org/2004/07/Caesar.Bloomberg.Downloader.Config" xmlns:i="http://www.w3.org/2001/XMLSchema-instance">
  <Configurations xmlns:a="http://schemas.microsoft.com/2003/10/Serialization/Arrays">
    <!-- First configuration : Get components of the indices given -->
    <Configuration>
      <DataFields xmlns:a="http://schemas.microsoft.com/2003/10/Serialization/Arrays">
        <a:string>Last</a:string>
        <a:string>Volume</a:string>
        <a:string>MarketCap</a:string>
      </DataFields>
      <!--<StartDate>2015-09-28T00:00:00</StartDate>
      <EndDate>2015-10-01T00:00:00</EndDate>-->
      <HorizonInDays>5</HorizonInDays>
      <IncrementalLagInDays>1</IncrementalLagInDays>
      <Temporization>PT0S</Temporization>
      <Tickers xmlns:a="http://schemas.microsoft.com/2003/10/Serialization/Arrays">
        <!-- Start : BNPIHDUG components -->
        <a:string>AA UN</a:string>
        <a:string>AAPL UQ</a:string>
        <a:string>ABBV UN</a:string>
        <a:string>ABC UN</a:string>
        <a:string>ABT UN</a:string>
        <a:string>ACE UN</a:string>
        <a:string>ACT UN</a:string>
        <a:string>ADM UN</a:string>
        <a:string>ADP UQ</a:string>
        <a:string>ADT UN</a:string>
        <a:string>AEP UN</a:string>
        <a:string>AES UN</a:string>
        <a:string>AET UN</a:string>
        <a:string>AGN UN</a:string>
        <a:string>AIG UN</a:string>
        <a:string>AIV UN</a:string>
        <a:string>ALB UN</a:string>
        <a:string>ALV UN</a:string>
        <a:string>AMZN UQ</a:string>
        <a:string>ANF UN</a:string>
        <a:string>ANTM UN</a:string>
        <a:string>ARG UN</a:string>
        <a:string>ATVI UQ</a:string>
        <a:string>AVB UN</a:string>
        <a:string>AVGO UQ</a:string>
        <a:string>AVP UN</a:string>
        <a:string>AVY UN</a:string>
        <a:string>AZO UN</a:string>
        <a:string>BAC UN</a:string>
        <a:string>BAX UN</a:string>
        <a:string>BBBY UQ</a:string>
        <a:string>BBY UN</a:string>
        <a:string>BDX UN</a:string>
        <a:string>BLL UN</a:string>
        <a:string>BRCM UQ</a:string>
        <a:string>BRK/B UN</a:string>
        <a:string>BSX UN</a:string>
        <a:string>BXP UN</a:string>
        <a:string>C UN</a:string>
        <a:string>CA UQ</a:string>
        <a:string>CAG UN</a:string>
        <a:string>CAM UN</a:string>
        <a:string>CAT UN</a:string>
        <a:string>CB UN</a:string>
        <a:string>CCI UN</a:string>
        <a:string>CF UN</a:string>
        <a:string>CFN UN</a:string>
        <a:string>CHD UN</a:string>
        <a:string>CHK UN</a:string>
        <a:string>CI UN</a:string>
        <a:string>CINF UQ</a:string>
        <a:string>CL UN</a:string>
        <a:string>CLX UN</a:string>
        <a:string>CMA UN</a:string>
        <a:string>CMI UN</a:string>
        <a:string>CMS UN</a:string>
        <a:string>CNP UN</a:string>
        <a:string>CNX UN</a:string>
        <a:string>COF UN</a:string>
        <a:string>COP UN</a:string>
        <a:string>COST UQ</a:string>
        <a:string>COV UN</a:string>
        <a:string>CPA UN</a:string>
        <a:string>CPB UN</a:string>
        <a:string>CSC UN</a:string>
        <a:string>CSCO UQ</a:string>
        <a:string>CTAS UQ</a:string>
        <a:string>CTL UN</a:string>
        <a:string>CVC UN</a:string>
        <a:string>CVS UN</a:string>
        <a:string>D UN</a:string>
        <a:string>DAL UN</a:string>
        <a:string>DD UN</a:string>
        <a:string>DE UN</a:string>
        <a:string>DGX UN</a:string>
        <a:string>DHI UN</a:string>
        <a:string>DHR UN</a:string>
        <a:string>DNR UN</a:string>
        <a:string>DO UN</a:string>
        <a:string>DOV UN</a:string>
        <a:string>DOW UN</a:string>
        <a:string>DPS UN</a:string>
        <a:string>DRI UN</a:string>
        <a:string>DSW UN</a:string>
        <a:string>DTE UN</a:string>
        <a:string>DTV UQ</a:string>
        <a:string>DUK UN</a:string>
        <a:string>DVA UN</a:string>
        <a:string>EA UQ</a:string>
        <a:string>ECL UN</a:string>
        <a:string>ED UN</a:string>
        <a:string>EFX UN</a:string>
        <a:string>EIX UN</a:string>
        <a:string>EMC UN</a:string>
        <a:string>EMN UN</a:string>
        <a:string>EMR UN</a:string>
        <a:string>EQIX UQ</a:string>
        <a:string>EQR UN</a:string>
        <a:string>ES UN</a:string>
        <a:string>ESS UN</a:string>
        <a:string>ESV UN</a:string>
        <a:string>ETFC UQ</a:string>
        <a:string>ETN UN</a:string>
        <a:string>ETR UN</a:string>
        <a:string>EW UN</a:string>
        <a:string>EXC UN</a:string>
        <a:string>EXPD UQ</a:string>
        <a:string>EXPE UQ</a:string>
        <a:string>F UN</a:string>
        <a:string>FB UQ</a:string>
        <a:string>FCX UN</a:string>
        <a:string>FFIV UQ</a:string>
        <a:string>FISV UQ</a:string>
        <a:string>FITB UQ</a:string>
        <a:string>FLR UN</a:string>
        <a:string>FLS UN</a:string>
        <a:string>FMC UN</a:string>
        <a:string>FOSL UQ</a:string>
        <a:string>FSLR UQ</a:string>
        <a:string>FTI UN</a:string>
        <a:string>FTR UQ</a:string>
        <a:string>GAS UN</a:string>
        <a:string>GCI UN</a:string>
        <a:string>GD UN</a:string>
        <a:string>GE UN</a:string>
        <a:string>GGP UN</a:string>
        <a:string>GILD UQ</a:string>
        <a:string>GIS UN</a:string>
        <a:string>GLW UN</a:string>
        <a:string>GM UN</a:string>
        <a:string>GMCR UQ</a:string>
        <a:string>GME UN</a:string>
        <a:string>GNW UN</a:string>
        <a:string>GOOG UQ</a:string>
        <a:string>GOOGL UQ</a:string>
        <a:string>GPS UN</a:string>
        <a:string>GRMN UQ</a:string>
        <a:string>GT UQ</a:string>
        <a:string>HAR UN</a:string>
        <a:string>HAS UQ</a:string>
        <a:string>HBAN UQ</a:string>
        <a:string>HCA UN</a:string>
        <a:string>HCN UN</a:string>
        <a:string>HCP UN</a:string>
        <a:string>HD UN</a:string>
        <a:string>HFC UN</a:string>
        <a:string>HIG UN</a:string>
        <a:string>HOG UN</a:string>
        <a:string>HP UN</a:string>
        <a:string>HPQ UN</a:string>
        <a:string>HRB UN</a:string>
        <a:string>HRL UN</a:string>
        <a:string>HRS UN</a:string>
        <a:string>HSIC UQ</a:string>
        <a:string>HST UN</a:string>
        <a:string>HUM UN</a:string>
        <a:string>IBM UN</a:string>
        <a:string>ICE UN</a:string>
        <a:string>INTC UQ</a:string>
        <a:string>IP UN</a:string>
        <a:string>IPG UN</a:string>
        <a:string>IRM UN</a:string>
        <a:string>ITW UN</a:string>
        <a:string>JNJ UN</a:string>
        <a:string>JNPR UN</a:string>
        <a:string>JPM UN</a:string>
        <a:string>K UN</a:string>
        <a:string>KIM UN</a:string>
        <a:string>KLAC UQ</a:string>
        <a:string>KMB UN</a:string>
        <a:string>KMI UN</a:string>
        <a:string>KO UN</a:string>
        <a:string>KORS UN</a:string>
        <a:string>KR UN</a:string>
        <a:string>KRFT UQ</a:string>
        <a:string>KSS UN</a:string>
        <a:string>KSU UN</a:string>
        <a:string>L UN</a:string>
        <a:string>LB UN</a:string>
        <a:string>LEN UN</a:string>
        <a:string>LH UN</a:string>
        <a:string>LLL UN</a:string>
        <a:string>LLY UN</a:string>
        <a:string>LMT UN</a:string>
        <a:string>LNC UN</a:string>
        <a:string>LRCX UQ</a:string>
        <a:string>LUV UN</a:string>
        <a:string>LVLT UN</a:string>
        <a:string>LVS UN</a:string>
        <a:string>LYB UN</a:string>
        <a:string>M UN</a:string>
        <a:string>MAC UN</a:string>
        <a:string>MAR UQ</a:string>
        <a:string>MAS UN</a:string>
        <a:string>MAT UQ</a:string>
        <a:string>MCD UN</a:string>
        <a:string>MCHP UQ</a:string>
        <a:string>MET UN</a:string>
        <a:string>MIC UN</a:string>
        <a:string>MLM UN</a:string>
        <a:string>MMC UN</a:string>
        <a:string>MNK UN</a:string>
        <a:string>MNST UQ</a:string>
        <a:string>MO UN</a:string>
        <a:string>MOS UN</a:string>
        <a:string>MPC UN</a:string>
        <a:string>MRK UN</a:string>
        <a:string>MRO UN</a:string>
        <a:string>MSFT UQ</a:string>
        <a:string>MSI UN</a:string>
        <a:string>MSM UN</a:string>
        <a:string>MU UQ</a:string>
        <a:string>MUR UN</a:string>
        <a:string>MXIM UQ</a:string>
        <a:string>NAVI UQ</a:string>
        <a:string>NBR UN</a:string>
        <a:string>NCR UN</a:string>
        <a:string>NDAQ UQ</a:string>
        <a:string>NE UN</a:string>
        <a:string>NEE UN</a:string>
        <a:string>NEM UN</a:string>
        <a:string>NFX UN</a:string>
        <a:string>NI UN</a:string>
        <a:string>NOC UN</a:string>
        <a:string>NOV UN</a:string>
        <a:string>NRG UN</a:string>
        <a:string>NTAP UQ</a:string>
        <a:string>NU UN</a:string>
        <a:string>NUE UN</a:string>
        <a:string>NUS UN</a:string>
        <a:string>NVDA UQ</a:string>
        <a:string>NWSA UQ</a:string>
        <a:string>O UN</a:string>
        <a:string>OII UN</a:string>
        <a:string>OKE UN</a:string>
        <a:string>OLN UN</a:string>
        <a:string>OMC UN</a:string>
        <a:string>ORLY UQ</a:string>
        <a:string>OUTR UQ</a:string>
        <a:string>PAYX UQ</a:string>
        <a:string>PBCT UQ</a:string>
        <a:string>PBF UN</a:string>
        <a:string>PCAR UQ</a:string>
        <a:string>PCG UN</a:string>
        <a:string>PDCO UQ</a:string>
        <a:string>PEG UN</a:string>
        <a:string>PEP UN</a:string>
        <a:string>PETM UQ</a:string>
        <a:string>PFE UN</a:string>
        <a:string>PG UN</a:string>
        <a:string>PGR UN</a:string>
        <a:string>PH UN</a:string>
        <a:string>PHM UN</a:string>
        <a:string>PIR UN</a:string>
        <a:string>PKG UN</a:string>
        <a:string>PLD UN</a:string>
        <a:string>PM UN</a:string>
        <a:string>PNW UN</a:string>
        <a:string>PPL UN</a:string>
        <a:string>PRU UN</a:string>
        <a:string>PSA UN</a:string>
        <a:string>PSX UN</a:string>
        <a:string>PVH UN</a:string>
        <a:string>PWR UN</a:string>
        <a:string>PX UN</a:string>
        <a:string>QCOM UQ</a:string>
        <a:string>QEP UN</a:string>
        <a:string>QRVO UQ</a:string>
        <a:string>RAI UN</a:string>
        <a:string>RCL UN</a:string>
        <a:string>REGN UQ</a:string>
        <a:string>RF UN</a:string>
        <a:string>RIG UN</a:string>
        <a:string>ROP UN</a:string>
        <a:string>RRC UN</a:string>
        <a:string>RS UN</a:string>
        <a:string>RSG UN</a:string>
        <a:string>SE UN</a:string>
        <a:string>SEE UN</a:string>
        <a:string>SHW UN</a:string>
        <a:string>SIAL UQ</a:string>
        <a:string>SNI UN</a:string>
        <a:string>SO UN</a:string>
        <a:string>SPG UN</a:string>
        <a:string>SPLS UQ</a:string>
        <a:string>SRCL UQ</a:string>
        <a:string>SRE UN</a:string>
        <a:string>STLD UQ</a:string>
        <a:string>STX UQ</a:string>
        <a:string>STZ UN</a:string>
        <a:string>SWK UN</a:string>
        <a:string>SWN UN</a:string>
        <a:string>SYK UN</a:string>
        <a:string>SYMC UQ</a:string>
        <a:string>SYY UN</a:string>
        <a:string>T UN</a:string>
        <a:string>TAP UN</a:string>
        <a:string>TDC UN</a:string>
        <a:string>TE UN</a:string>
        <a:string>TGNA UN</a:string>
        <a:string>THC UN</a:string>
        <a:string>TMK UN</a:string>
        <a:string>TRN UN</a:string>
        <a:string>TROW UQ</a:string>
        <a:string>TRV UN</a:string>
        <a:string>TSN UN</a:string>
        <a:string>TSO UN</a:string>
        <a:string>TSS UN</a:string>
        <a:string>TUP UN</a:string>
        <a:string>UA UN</a:string>
        <a:string>UAL UN</a:string>
        <a:string>UGI UN</a:string>
        <a:string>UNP UN</a:string>
        <a:string>UPS UN</a:string>
        <a:string>URBN UQ</a:string>
        <a:string>URI UN</a:string>
        <a:string>VAR UN</a:string>
        <a:string>VIAB UQ</a:string>
        <a:string>VLO UN</a:string>
        <a:string>VMC UN</a:string>
        <a:string>VNO UN</a:string>
        <a:string>VRSN UQ</a:string>
        <a:string>VRTX UQ</a:string>
        <a:string>VTR UN</a:string>
        <a:string>VZ UN</a:string>
        <a:string>WDC UQ</a:string>
        <a:string>WIN UQ</a:string>
        <a:string>WM UN</a:string>
        <a:string>WMB UN</a:string>
        <a:string>WMT UN</a:string>
        <a:string>WNR UN</a:string>
        <a:string>WRK UN</a:string>
        <a:string>WYN UN</a:string>
        <a:string>WYNN UQ</a:string>
        <a:string>XEL UN</a:string>
        <a:string>XL UN</a:string>
        <a:string>XLNX UQ</a:string>
        <a:string>XOM UN</a:string>
        <a:string>XRAY UQ</a:string>
        <a:string>XRX UN</a:string>
        <a:string>XYL UN</a:string>
        <a:string>ZION UQ</a:string>
        <!-- End : BNPIHDUG components -->
        <a:string>SPXC UN</a:string>
        <a:string>EONCAPL7</a:string>
        <a:string>SX5T</a:string>
      </Tickers>
      <UniverseDates xmlns:a="http://schemas.microsoft.com/2003/10/Serialization/Arrays">
        <a:dateTime>2014-06-23T00:00:00</a:dateTime>
        <a:dateTime>2014-09-22T00:00:00</a:dateTime>
        <a:dateTime>2014-12-22T00:00:00</a:dateTime>
        <a:dateTime>2015-03-23T00:00:00</a:dateTime>
        <a:dateTime>2015-06-22T00:00:00</a:dateTime>
        <a:dateTime>2015-09-28T00:00:00</a:dateTime>
        <a:dateTime>2015-12-21T00:00:00</a:dateTime>
      </UniverseDates>
      <Universes xmlns:a="http://schemas.microsoft.com/2003/10/Serialization/Arrays">
        <a:string>SXXP</a:string>
        <a:string>SPX</a:string>
        <a:string>SX5E</a:string>
      </Universes>
      <DataHandlersToUse>
        <a:string>DB</a:string>
        <a:string>PRISM</a:string>
        <a:string>PRISM_PRICES</a:string>
        <a:string>PRISM_POLLING</a:string>
      </DataHandlersToUse>
    </Configuration>
  </Configurations>
</DownloadConfig>