<DownloadConfig xmlns="http://schemas.datacontract.org/2004/07/Caesar.Bloomberg.Downloader.Config" xmlns:i="http://www.w3.org/2001/XMLSchema-instance">
  <Configurations xmlns:a="http://schemas.microsoft.com/2003/10/Serialization/Arrays">
    <Configuration>
      <DataFields xmlns:a="http://schemas.microsoft.com/2003/10/Serialization/Arrays">
        <a:string>Last</a:string>
      </DataFields>
      <!--<StartDate>2015-09-28T00:00:00</StartDate>
      <EndDate>2015-10-01T00:00:00</EndDate>-->
      <HorizonInDays>5</HorizonInDays>
      <IncrementalLagInDays>1</IncrementalLagInDays>
      <Temporization>PT0S</Temporization>
      <Tickers xmlns:a="http://schemas.microsoft.com/2003/10/Serialization/Arrays">
        <a:string>SPX</a:string>
        <a:string>SX5E</a:string>
        <a:string>SXXP</a:string>
		    <a:string>DED1 Index</a:string> 
		    <a:string>DED2 Index</a:string>
		    <a:string>BNPIHDUG</a:string>
        <a:string>NIBOR1M</a:string>
        <a:string>EUR001M</a:string>
        <a:string>BP0001M</a:string>
        <a:string>SF0001M</a:string>
        <a:string>CIBO01M</a:string>
        <a:string>STBB1M</a:string>
        <a:string>DKKEUR F110</a:string>
        <a:string>NOKEUR F110</a:string>
        <a:string>EURGBP F110</a:string>
        <a:string>EURCHF F110</a:string>
        <a:string>EURDKK F110</a:string>
        <a:string>EURNOK F110</a:string>
        <a:string>EURSEK F110</a:string>
        <a:string>USDGBP F110</a:string>
        <a:string>USDCHF F110</a:string>
        <a:string>USDDKK F110</a:string>
        <a:string>USDNOK F110</a:string>
        <a:string>USDSEK F110</a:string>
        <a:string>USDEUR F110</a:string>
        <a:string>EURUSD F110</a:string>
        <a:string>BNPIMIUL</a:string>
      </Tickers>
      <UniverseDates xmlns:a="http://schemas.microsoft.com/2003/10/Serialization/Arrays">
      </UniverseDates>
      <Universes xmlns:a="http://schemas.microsoft.com/2003/10/Serialization/Arrays">
      </Universes>
      <DataHandlersToUse>
        <a:string>DB</a:string>
        <a:string>BBG</a:string>
      </DataHandlersToUse>
    </Configuration>
  </Configurations>
</DownloadConfig>