<DownloadConfig xmlns="http://schemas.datacontract.org/2004/07/Caesar.Bloomberg.Downloader.Config" xmlns:i="http://www.w3.org/2001/XMLSchema-instance">
  <Configurations/>
 <CsvImports>
     <!--<CsvImport>
      <FileLocation>K:\ED_ExcelTools\Parameters\Caesar\MarketData\BNPOverlay\SL Likely Latest.csv</FileLocation>
      <Ticker>SL Likely</Ticker>
      <DataField>Other</DataField>
      <CSVColumnName>SL Likely</CSVColumnName>
    </CsvImport> -->
  </CsvImports>
  <MailDownloads xmlns:a="http://schemas.datacontract.org/2004/07/CaesarApplication.Service.Mail">
    <a:MailAttachementDownloadParameters>
      <a:Mail>
        <a:UserName>nt_eqd_sos</a:UserName>
        <a:Password>Ba13h,7j</a:Password>
        <a:ImpersonatedAddress>eda25-desk-quant-applications@natixis.com</a:ImpersonatedAddress>
        <a:PageSize>500</a:PageSize>
        <a:Orders>
          <a:Order>
            <a:ItemSchema>DateTimeReceived</a:ItemSchema>
            <a:SortDirection>Descending</a:SortDirection>
          </a:Order>
        </a:Orders>
        <a:SubjectMatchingRegex>^.*Option Composition for BNP Paribas High Dividend Plus Liquid Base Index.*$</a:SubjectMatchingRegex>
      </a:Mail>
      <a:Attachements>
        <a:AttachementCopyParameters>
          <a:DestinationDirectoryPath>K:\ED_ExcelTools\Parameters\Caesar\MarketData\BNPOverlay</a:DestinationDirectoryPath>
          <a:DestinationFileName>BNPIMIUL_options_composition_{DateTimeSent}.csv</a:DestinationFileName>
          <a:FileNameGroupingRegex>^BNPIMIUL_options_composition(\.csv)$</a:FileNameGroupingRegex>
          <a:FileNameMatchingRegex>^BNPIMIUL_options_composition(\.csv)$</a:FileNameMatchingRegex>
        </a:AttachementCopyParameters>
	</a:Attachements>
    </a:MailAttachementDownloadParameters>
	
	  <a:MailAttachementDownloadParameters>
      <a:Mail>
        <a:UserName>nt_eqd_sos</a:UserName>
        <a:Password>Ba13h,7j</a:Password>
        <a:ImpersonatedAddress>eda25-desk-quant-applications@natixis.com</a:ImpersonatedAddress>
        <a:PageSize>500</a:PageSize>
        <a:Orders>
          <a:Order>
            <a:ItemSchema>DateTimeReceived</a:ItemSchema>
            <a:SortDirection>Descending</a:SortDirection>
          </a:Order>
        </a:Orders>
        <a:SubjectMatchingRegex>^.*Guru Composite for BNP Paribas High Dividend Yield.*$</a:SubjectMatchingRegex>
      </a:Mail>
      <a:Attachements>
        <a:AttachementCopyParameters>
          <a:DestinationDirectoryPath>K:\ED_ExcelTools\Parameters\Caesar\MarketData\BNPOverlay</a:DestinationDirectoryPath>
          <a:DestinationFileName>{0}.csv</a:DestinationFileName>
          <a:FileNameGroupingRegex>^(BNPIHDUG_.*(\.csv))$</a:FileNameGroupingRegex>
          <a:FileNameMatchingRegex>^(BNPIHDUG_.*(\.csv))$</a:FileNameMatchingRegex>
        </a:AttachementCopyParameters>
		</a:Attachements>
    </a:MailAttachementDownloadParameters>
  </MailDownloads>
</DownloadConfig> 