﻿c<DownloadConfig xmlns="http://schemas.datacontract.org/2004/07/Caesar.Bloomberg.Downloader.Config" xmlns:i="http://www.w3.org/2001/XMLSchema-instance">
  <Configurations xmlns:a="http://schemas.microsoft.com/2003/10/Serialization/Arrays">
    <Configuration>
      <DataFields xmlns:a="http://schemas.microsoft.com/2003/10/Serialization/Arrays">
        <a:string>Calendar</a:string>
      </DataFields>
      <HorizonInDays>1</HorizonInDays>
      <IncrementalLagInDays>0</IncrementalLagInDays>
      <Temporization>PT0S</Temporization>
      <Tickers xmlns:a="http://schemas.microsoft.com/2003/10/Serialization/Arrays">
        <a:string>USD|CBOE</a:string>
        <a:string>USD|SNYS</a:string>
        <a:string>EUR|TGHO</a:string>
        <a:string>EUR|IX5E</a:string>
      </Tickers>
      <UniverseDates xmlns:a="http://schemas.microsoft.com/2003/10/Serialization/Arrays">
      </UniverseDates>
      <Universes xmlns:a="http://schemas.microsoft.com/2003/10/Serialization/Arrays">
      </Universes>
      <DataHandlersToUse>
        <a:string>DB</a:string>
        <a:string>SOPHIS</a:string>
      </DataHandlersToUse>
    </Configuration>
  </Configurations>
</DownloadConfig>