<DownloadConfig xmlns="http://schemas.datacontract.org/2004/07/Caesar.Bloomberg.Downloader.Config" xmlns:i="http://www.w3.org/2001/XMLSchema-instance">
  <Configurations xmlns:a="http://schemas.microsoft.com/2003/10/Serialization/Arrays">
    <!-- First configuration : Get components of the indices given -->
    <Configuration>
      <DataFields xmlns:a="http://schemas.microsoft.com/2003/10/Serialization/Arrays">
        <a:string>Last</a:string>
        <a:string>MarketCapitalization</a:string>
        <a:string>BookToMarketRatio</a:string>
        <a:string>EarningYield</a:string>
        <a:string>FreeCashFlowYield</a:string>
        <a:string>Volume</a:string>
      </DataFields>
      <!--<StartDate>2015-09-28T00:00:00</StartDate>
      <EndDate>2015-10-01T00:00:00</EndDate>-->
      <HorizonInDays>5</HorizonInDays>
      <IncrementalLagInDays>1</IncrementalLagInDays>
      <Temporization>PT0S</Temporization>
      <Tickers xmlns:a="http://schemas.microsoft.com/2003/10/Serialization/Arrays">
      </Tickers>
      <UniverseDates xmlns:a="http://schemas.microsoft.com/2003/10/Serialization/Arrays">
        <a:dateTime>2014-06-23T00:00:00</a:dateTime>
        <a:dateTime>2014-09-22T00:00:00</a:dateTime>
        <a:dateTime>2014-12-22T00:00:00</a:dateTime>
        <a:dateTime>2015-03-23T00:00:00</a:dateTime>
        <a:dateTime>2015-06-22T00:00:00</a:dateTime>
        <a:dateTime>2015-09-28T00:00:00</a:dateTime>
      </UniverseDates>
      <Universes xmlns:a="http://schemas.microsoft.com/2003/10/Serialization/Arrays">
        <a:string>SXXP</a:string>
      </Universes>
    </Configuration>
    <Configuration>
      <DataFields xmlns:a="http://schemas.microsoft.com/2003/10/Serialization/Arrays">
        <a:string>Last</a:string>
        <a:string>MarketCapitalization</a:string>
        <a:string>BookToMarketRatio</a:string>
        <a:string>EarningYield</a:string>
        <a:string>FreeCashFlowYield</a:string>
        <a:string>Volume</a:string>
      </DataFields>
      <!--<StartDate>2015-09-28T00:00:00</StartDate>
      <EndDate>2015-10-01T00:00:00</EndDate>-->
      <HorizonInDays>5</HorizonInDays>
      <IncrementalLagInDays>1</IncrementalLagInDays>
      <Temporization>PT0S</Temporization>
      <Tickers xmlns:a="http://schemas.microsoft.com/2003/10/Serialization/Arrays">
        <!-- Start : BNPIHDUG components -->
        <a:string>AAPL UW</a:string>
        <a:string>ABBV UN</a:string>
        <a:string>ABC UN</a:string>
        <a:string>ALB UN</a:string>
        <a:string>ALV UN</a:string>
        <a:string>ANF UN</a:string>
        <a:string>AVP UN</a:string>
        <a:string>AVY UN</a:string>
        <a:string>BBY UN</a:string>
        <a:string>CAG UN</a:string>
        <a:string>CAT UN</a:string>
        <a:string>CF UN</a:string>
        <a:string>CNP UN</a:string>
        <a:string>CPA UN</a:string>
        <a:string>CPB UN</a:string>
        <a:string>CSCO UW</a:string>
        <a:string>DAL UN</a:string>
        <a:string>DE UN</a:string>
        <a:string>DGX UN</a:string>
        <a:string>DOV UN</a:string>
        <a:string>DSW UN</a:string>
        <a:string>EMC UN</a:string>
        <a:string>EMN UN</a:string>
        <a:string>EMR UN</a:string>
        <a:string>ESV UN</a:string>
        <a:string>ETN UN</a:string>
        <a:string>FMC UN</a:string>
        <a:string>GAS UN</a:string>
        <a:string>GE UN</a:string>
        <a:string>GILD UW</a:string>
        <a:string>GLW UN</a:string>
        <a:string>GM UN</a:string>
        <a:string>GME UN</a:string>
        <a:string>GPS UN</a:string>
        <a:string>GRMN UW</a:string>
        <a:string>HAS UW</a:string>
        <a:string>HFC UN</a:string>
        <a:string>HOG UN</a:string>
        <a:string>HRS UN</a:string>
        <a:string>IBM UN</a:string>
        <a:string>INTC UW</a:string>
        <a:string>IP UN</a:string>
        <a:string>ITW UN</a:string>
        <a:string>JNJ UN</a:string>
        <a:string>KLAC UW</a:string>
        <a:string>KSS UN</a:string>
        <a:string>LRCX UW</a:string>
        <a:string>LVS UN</a:string>
        <a:string>LYB UN</a:string>
        <a:string>MAT UW</a:string>
        <a:string>MCHP UW</a:string>
        <a:string>MIC UN</a:string>
        <a:string>MO UN</a:string>
        <a:string>MOS UN</a:string>
        <a:string>MRK UN</a:string>
        <a:string>MSFT UW</a:string>
        <a:string>MSM UN</a:string>
        <a:string>MXIM UW</a:string>
        <a:string>NCR UN</a:string>
        <a:string>NOV UN</a:string>
        <a:string>NTAP UW</a:string>
        <a:string>NUE UN</a:string>
        <a:string>NUS UN</a:string>
        <a:string>OII UN</a:string>
        <a:string>OLN UN</a:string>
        <a:string>OMC UN</a:string>
        <a:string>OUTR UW</a:string>
        <a:string>PBF UN</a:string>
        <a:string>PCAR UW</a:string>
        <a:string>PFE UN</a:string>
        <a:string>PH UN</a:string>
        <a:string>PIR UN</a:string>
        <a:string>PKG UN</a:string>
        <a:string>PM UN</a:string>
        <a:string>QCOM UW</a:string>
        <a:string>RAI UN</a:string>
        <a:string>RS UN</a:string>
        <a:string>RSG UN</a:string>
        <a:string>SNI UN</a:string>
        <a:string>SPLS UW</a:string>
        <a:string>STLD UW</a:string>
        <a:string>STX UW</a:string>
        <a:string>SWK UN</a:string>
        <a:string>SYMC UW</a:string>
        <a:string>T UN</a:string>
        <a:string>TGNA UN</a:string>
        <a:string>TRN UN</a:string>
        <a:string>TSO UN</a:string>
        <a:string>TUP UN</a:string>
        <a:string>UGI UN</a:string>
        <a:string>VIAB UW</a:string>
        <a:string>VLO UN</a:string>
        <a:string>VZ UN</a:string>
        <a:string>WDC UW</a:string>
        <a:string>WNR UN</a:string>
        <a:string>WYN UN</a:string>
        <a:string>XLNX UW</a:string>
        <a:string>XRX UN</a:string>
        <!-- End : BNPIHDUG components -->
      </Tickers>
      <UniverseDates xmlns:a="http://schemas.microsoft.com/2003/10/Serialization/Arrays">
        <a:dateTime>2014-06-23T00:00:00</a:dateTime>
        <a:dateTime>2014-09-22T00:00:00</a:dateTime>
        <a:dateTime>2014-12-22T00:00:00</a:dateTime>
        <a:dateTime>2015-03-23T00:00:00</a:dateTime>
        <a:dateTime>2015-06-22T00:00:00</a:dateTime>
        <a:dateTime>2015-09-28T00:00:00</a:dateTime>
      </UniverseDates>
      <Universes xmlns:a="http://schemas.microsoft.com/2003/10/Serialization/Arrays">
        <a:string>SPX</a:string>
        <a:string>SX5E</a:string>
      </Universes>
    </Configuration>
    <Configuration>
      <DataFields xmlns:a="http://schemas.microsoft.com/2003/10/Serialization/Arrays">
        <a:string>ICB_INDUSTRY_NAME</a:string>
        <a:string>Currency</a:string>
      </DataFields>
      <!--<StartDate>2015-09-28T00:00:00</StartDate>
      <EndDate>2015-10-01T00:00:00</EndDate>-->
      <HorizonInDays>5</HorizonInDays>
      <IncrementalLagInDays>1</IncrementalLagInDays>
      <Temporization>PT0S</Temporization>
      <Tickers xmlns:a="http://schemas.microsoft.com/2003/10/Serialization/Arrays">
        <!-- Start : BNPIHDUG components -->
        <a:string>AAPL UW</a:string>
        <a:string>ABBV UN</a:string>
        <a:string>ABC UN</a:string>
        <a:string>ALB UN</a:string>
        <a:string>ALV UN</a:string>
        <a:string>ANF UN</a:string>
        <a:string>AVP UN</a:string>
        <a:string>AVY UN</a:string>
        <a:string>BBY UN</a:string>
        <a:string>CAG UN</a:string>
        <a:string>CAT UN</a:string>
        <a:string>CF UN</a:string>
        <a:string>CNP UN</a:string>
        <a:string>CPA UN</a:string>
        <a:string>CPB UN</a:string>
        <a:string>CSCO UW</a:string>
        <a:string>DAL UN</a:string>
        <a:string>DE UN</a:string>
        <a:string>DGX UN</a:string>
        <a:string>DOV UN</a:string>
        <a:string>DSW UN</a:string>
        <a:string>EMC UN</a:string>
        <a:string>EMN UN</a:string>
        <a:string>EMR UN</a:string>
        <a:string>ESV UN</a:string>
        <a:string>ETN UN</a:string>
        <a:string>FMC UN</a:string>
        <a:string>GAS UN</a:string>
        <a:string>GE UN</a:string>
        <a:string>GILD UW</a:string>
        <a:string>GLW UN</a:string>
        <a:string>GM UN</a:string>
        <a:string>GME UN</a:string>
        <a:string>GPS UN</a:string>
        <a:string>GRMN UW</a:string>
        <a:string>HAS UW</a:string>
        <a:string>HFC UN</a:string>
        <a:string>HOG UN</a:string>
        <a:string>HRS UN</a:string>
        <a:string>IBM UN</a:string>
        <a:string>INTC UW</a:string>
        <a:string>IP UN</a:string>
        <a:string>ITW UN</a:string>
        <a:string>JNJ UN</a:string>
        <a:string>KLAC UW</a:string>
        <a:string>KSS UN</a:string>
        <a:string>LRCX UW</a:string>
        <a:string>LVS UN</a:string>
        <a:string>LYB UN</a:string>
        <a:string>MAT UW</a:string>
        <a:string>MCHP UW</a:string>
        <a:string>MIC UN</a:string>
        <a:string>MO UN</a:string>
        <a:string>MOS UN</a:string>
        <a:string>MRK UN</a:string>
        <a:string>MSFT UW</a:string>
        <a:string>MSM UN</a:string>
        <a:string>MXIM UW</a:string>
        <a:string>NCR UN</a:string>
        <a:string>NOV UN</a:string>
        <a:string>NTAP UW</a:string>
        <a:string>NUE UN</a:string>
        <a:string>NUS UN</a:string>
        <a:string>OII UN</a:string>
        <a:string>OLN UN</a:string>
        <a:string>OMC UN</a:string>
        <a:string>OUTR UW</a:string>
        <a:string>PBF UN</a:string>
        <a:string>PCAR UW</a:string>
        <a:string>PFE UN</a:string>
        <a:string>PH UN</a:string>
        <a:string>PIR UN</a:string>
        <a:string>PKG UN</a:string>
        <a:string>PM UN</a:string>
        <a:string>QCOM UW</a:string>
        <a:string>RAI UN</a:string>
        <a:string>RS UN</a:string>
        <a:string>RSG UN</a:string>
        <a:string>SNI UN</a:string>
        <a:string>SPLS UW</a:string>
        <a:string>STLD UW</a:string>
        <a:string>STX UW</a:string>
        <a:string>SWK UN</a:string>
        <a:string>SYMC UW</a:string>
        <a:string>T UN</a:string>
        <a:string>TGNA UN</a:string>
        <a:string>TRN UN</a:string>
        <a:string>TSO UN</a:string>
        <a:string>TUP UN</a:string>
        <a:string>UGI UN</a:string>
        <a:string>VIAB UW</a:string>
        <a:string>VLO UN</a:string>
        <a:string>VZ UN</a:string>
        <a:string>WDC UW</a:string>
        <a:string>WNR UN</a:string>
        <a:string>WYN UN</a:string>
        <a:string>XLNX UW</a:string>
        <a:string>XRX UN</a:string>
        <!-- End : BNPIHDUG components -->
      </Tickers>
      <UniverseDates xmlns:a="http://schemas.microsoft.com/2003/10/Serialization/Arrays">
        <a:dateTime>2014-06-23T00:00:00</a:dateTime>
        <a:dateTime>2014-09-22T00:00:00</a:dateTime>
        <a:dateTime>2014-12-22T00:00:00</a:dateTime>
        <a:dateTime>2015-03-23T00:00:00</a:dateTime>
        <a:dateTime>2015-06-22T00:00:00</a:dateTime>
        <a:dateTime>2015-09-28T00:00:00</a:dateTime>
      </UniverseDates>
      <Universes xmlns:a="http://schemas.microsoft.com/2003/10/Serialization/Arrays">
        <a:string>SPX</a:string>
        <a:string>SX5E</a:string>
        <a:string>SXXP</a:string>
      </Universes>
    </Configuration>
    <Configuration>
      <DataFields xmlns:a="http://schemas.microsoft.com/2003/10/Serialization/Arrays">
        <a:string>OSTCollection</a:string>
      </DataFields>
      <!--<StartDate>2015-09-28T00:00:00</StartDate>
      <EndDate>2015-10-01T00:00:00</EndDate>-->
      <HorizonInDays>5</HorizonInDays>
      <IncrementalLagInDays>1</IncrementalLagInDays>
      <Temporization>PT0S</Temporization>
      <Tickers xmlns:a="http://schemas.microsoft.com/2003/10/Serialization/Arrays">
        <!-- Start : BNPIHDUG components -->
        <a:string>AAPL UW</a:string>
        <a:string>ABBV UN</a:string>
        <a:string>ABC UN</a:string>
        <a:string>ALB UN</a:string>
        <a:string>ALV UN</a:string>
        <a:string>ANF UN</a:string>
        <a:string>AVP UN</a:string>
        <a:string>AVY UN</a:string>
        <a:string>BBY UN</a:string>
        <a:string>CAG UN</a:string>
        <a:string>CAT UN</a:string>
        <a:string>CF UN</a:string>
        <a:string>CNP UN</a:string>
        <a:string>CPA UN</a:string>
        <a:string>CPB UN</a:string>
        <a:string>CSCO UW</a:string>
        <a:string>DAL UN</a:string>
        <a:string>DE UN</a:string>
        <a:string>DGX UN</a:string>
        <a:string>DOV UN</a:string>
        <a:string>DSW UN</a:string>
        <a:string>EMC UN</a:string>
        <a:string>EMN UN</a:string>
        <a:string>EMR UN</a:string>
        <a:string>ESV UN</a:string>
        <a:string>ETN UN</a:string>
        <a:string>FMC UN</a:string>
        <a:string>GAS UN</a:string>
        <a:string>GE UN</a:string>
        <a:string>GILD UW</a:string>
        <a:string>GLW UN</a:string>
        <a:string>GM UN</a:string>
        <a:string>GME UN</a:string>
        <a:string>GPS UN</a:string>
        <a:string>GRMN UW</a:string>
        <a:string>HAS UW</a:string>
        <a:string>HFC UN</a:string>
        <a:string>HOG UN</a:string>
        <a:string>HRS UN</a:string>
        <a:string>IBM UN</a:string>
        <a:string>INTC UW</a:string>
        <a:string>IP UN</a:string>
        <a:string>ITW UN</a:string>
        <a:string>JNJ UN</a:string>
        <a:string>KLAC UW</a:string>
        <a:string>KSS UN</a:string>
        <a:string>LRCX UW</a:string>
        <a:string>LVS UN</a:string>
        <a:string>LYB UN</a:string>
        <a:string>MAT UW</a:string>
        <a:string>MCHP UW</a:string>
        <a:string>MIC UN</a:string>
        <a:string>MO UN</a:string>
        <a:string>MOS UN</a:string>
        <a:string>MRK UN</a:string>
        <a:string>MSFT UW</a:string>
        <a:string>MSM UN</a:string>
        <a:string>MXIM UW</a:string>
        <a:string>NCR UN</a:string>
        <a:string>NOV UN</a:string>
        <a:string>NTAP UW</a:string>
        <a:string>NUE UN</a:string>
        <a:string>NUS UN</a:string>
        <a:string>OII UN</a:string>
        <a:string>OLN UN</a:string>
        <a:string>OMC UN</a:string>
        <a:string>OUTR UW</a:string>
        <a:string>PBF UN</a:string>
        <a:string>PCAR UW</a:string>
        <a:string>PFE UN</a:string>
        <a:string>PH UN</a:string>
        <a:string>PIR UN</a:string>
        <a:string>PKG UN</a:string>
        <a:string>PM UN</a:string>
        <a:string>QCOM UW</a:string>
        <a:string>RAI UN</a:string>
        <a:string>RS UN</a:string>
        <a:string>RSG UN</a:string>
        <a:string>SNI UN</a:string>
        <a:string>SPLS UW</a:string>
        <a:string>STLD UW</a:string>
        <a:string>STX UW</a:string>
        <a:string>SWK UN</a:string>
        <a:string>SYMC UW</a:string>
        <a:string>T UN</a:string>
        <a:string>TGNA UN</a:string>
        <a:string>TRN UN</a:string>
        <a:string>TSO UN</a:string>
        <a:string>TUP UN</a:string>
        <a:string>UGI UN</a:string>
        <a:string>VIAB UW</a:string>
        <a:string>VLO UN</a:string>
        <a:string>VZ UN</a:string>
        <a:string>WDC UW</a:string>
        <a:string>WNR UN</a:string>
        <a:string>WYN UN</a:string>
        <a:string>XLNX UW</a:string>
        <a:string>XRX UN</a:string>
        <!-- End : BNPIHDUG components -->
      </Tickers>
      <UniverseDates xmlns:a="http://schemas.microsoft.com/2003/10/Serialization/Arrays">
        <a:dateTime>2014-06-23T00:00:00</a:dateTime>
        <a:dateTime>2014-09-22T00:00:00</a:dateTime>
        <a:dateTime>2014-12-22T00:00:00</a:dateTime>
        <a:dateTime>2015-03-23T00:00:00</a:dateTime>
        <a:dateTime>2015-06-22T00:00:00</a:dateTime>
        <a:dateTime>2015-09-28T00:00:00</a:dateTime>
      </UniverseDates>
      <Universes xmlns:a="http://schemas.microsoft.com/2003/10/Serialization/Arrays">
        <a:string>SPX</a:string>
        <a:string>SX5E</a:string>
      </Universes>
    </Configuration>
    <Configuration>
      <DataFields xmlns:a="http://schemas.microsoft.com/2003/10/Serialization/Arrays">
        <a:string>OSTCollection</a:string>
      </DataFields>
      <!--<StartDate>2015-09-28T00:00:00</StartDate>
      <EndDate>2015-10-01T00:00:00</EndDate>-->
      <HorizonInDays>5</HorizonInDays>
      <IncrementalLagInDays>1</IncrementalLagInDays>
      <Temporization>PT0S</Temporization>
      <Tickers xmlns:a="http://schemas.microsoft.com/2003/10/Serialization/Arrays">
      </Tickers>
      <UniverseDates xmlns:a="http://schemas.microsoft.com/2003/10/Serialization/Arrays">
        <a:dateTime>2014-06-23T00:00:00</a:dateTime>
        <a:dateTime>2014-09-22T00:00:00</a:dateTime>
        <a:dateTime>2014-12-22T00:00:00</a:dateTime>
        <a:dateTime>2015-03-23T00:00:00</a:dateTime>
        <a:dateTime>2015-06-22T00:00:00</a:dateTime>
        <a:dateTime>2015-09-28T00:00:00</a:dateTime>
      </UniverseDates>
      <Universes xmlns:a="http://schemas.microsoft.com/2003/10/Serialization/Arrays">
        <a:string>SXXP</a:string>
      </Universes>
    </Configuration>
    <!-- Second configuration : Indices + IBORs -->
    <Configuration>
      <DataFields xmlns:a="http://schemas.microsoft.com/2003/10/Serialization/Arrays">
        <a:string>Last</a:string>
      </DataFields>
      <!--<StartDate>2015-09-28T00:00:00</StartDate>
      <EndDate>2015-10-01T00:00:00</EndDate>-->
      <HorizonInDays>5</HorizonInDays>
      <IncrementalLagInDays>1</IncrementalLagInDays>
      <Temporization>PT0S</Temporization>
      <Tickers xmlns:a="http://schemas.microsoft.com/2003/10/Serialization/Arrays">
        <a:string>SPX</a:string>
        <a:string>SX5E</a:string>
        <a:string>SXXP</a:string>
		    <a:string>DED1 Index</a:string> 
		    <a:string>DED2 Index</a:string>
		    <a:string>BNPIHDUG</a:string>
        <a:string>NIBOR1M</a:string>
        <a:string>EUR001M </a:string>
        <a:string>BP0001M </a:string>
        <a:string>SF0001M </a:string>
        <a:string>CIBO01M </a:string>
        <a:string>STBB1M</a:string>
        <a:string>DKKEUR F110</a:string>
        <a:string>NOKEUR F110</a:string>
        <a:string>EURGBP F110</a:string>
        <a:string>EURCHF F110</a:string>
        <a:string>EURDKK F110</a:string>
        <a:string>EURNOK F110</a:string>
        <a:string>EURSEK F110</a:string>
        <a:string>USDGBP F110</a:string>
        <a:string>USDCHF F110</a:string>
        <a:string>USDDKK F110</a:string>
        <a:string>USDNOK F110</a:string>
        <a:string>USDSEK F110</a:string>
        <a:string>USDEUR F110</a:string>
        <a:string>EURUSD F110</a:string>
      </Tickers>
      <UniverseDates xmlns:a="http://schemas.microsoft.com/2003/10/Serialization/Arrays">
      </UniverseDates>
      <Universes xmlns:a="http://schemas.microsoft.com/2003/10/Serialization/Arrays">
      </Universes>
    </Configuration>
  </Configurations>
</DownloadConfig>