<DownloadConfig xmlns="http://schemas.datacontract.org/2004/07/Caesar.Bloomberg.Downloader.Config" xmlns:i="http://www.w3.org/2001/XMLSchema-instance">
  <Configurations/>
  <CsvImports>
    <CsvImport>
      <FileLocation>K:\ED_ExcelTools\Parameters\Caesar\MarketData\SL Likely\SL Likely Latest.csv</FileLocation>
      <Ticker>SL Likely</Ticker>
      <DataField>Other</DataField>
      <CSVColumnName>SL Likely</CSVColumnName>
      <!-- "TickerInHeader" or "SingleColumn" -->
      <CsvFormatId>TickerInHeader</CsvFormatId>
      <!-- "Invariant", "fr-FR", "en-US" or "en-GB"-->
      <Culture>en-GB</Culture>
    </CsvImport>
  </CsvImports>
  <MailDownloads xmlns:a="http://schemas.datacontract.org/2004/07/CaesarApplication.Service.Mail">
    <a:MailAttachementDownloadParameters>
      <a:Mail>
        <a:UserName>nt_eqd_sos</a:UserName>
        <a:Password>Ba13h,7j</a:Password>
        <a:ImpersonatedAddress>eda25-desk-quant-applications@natixis.com</a:ImpersonatedAddress>
        <a:PageSize>500</a:PageSize>
        <a:Orders>
          <a:Order>
            <a:ItemSchema>DateTimeReceived</a:ItemSchema>
            <a:SortDirection>Descending</a:SortDirection>
          </a:Order>
        </a:Orders>
        <a:SubjectMatchingRegex>^.*Update Ecoloc Signal$</a:SubjectMatchingRegex>
      </a:Mail>
      <a:Attachements>
        <a:AttachementCopyParameters>
          <a:DestinationDirectoryPath>K:\ED_ExcelTools\Parameters\Caesar\MarketData\SL Likely</a:DestinationDirectoryPath>
          <a:DestinationFileName>SL Likely {0}.csv</a:DestinationFileName>
          <a:FileNameGroupingRegex>^Ecoloc([0-2][0-9][0-9][0-9][0-1][0-9][0-9][0-9])(\.csv)$</a:FileNameGroupingRegex>
          <a:FileNameMatchingRegex>^Ecoloc[0-2][0-9][0-9][0-9][0-1][0-9][0-9][0-9]\.csv$</a:FileNameMatchingRegex>
        </a:AttachementCopyParameters>
        <a:AttachementCopyParameters>
          <a:DestinationDirectoryPath>K:\ED_ExcelTools\Parameters\Caesar\MarketData\SL Likely</a:DestinationDirectoryPath>
          <a:DestinationFileName>SL Likely Latest.csv</a:DestinationFileName>
          <a:FileNameGroupingRegex>^Ecoloc([0-2][0-9][0-9][0-9][0-1][0-9][0-9][0-9])(\.csv)$</a:FileNameGroupingRegex>
          <a:FileNameMatchingRegex>^Ecoloc[0-2][0-9][0-9][0-9][0-1][0-9][0-9][0-9]\.csv$</a:FileNameMatchingRegex>
        </a:AttachementCopyParameters>
      </a:Attachements>
    </a:MailAttachementDownloadParameters>
  </MailDownloads>
</DownloadConfig>