<DownloadConfig xmlns="http://schemas.datacontract.org/2004/07/Caesar.Bloomberg.Downloader.Config" xmlns:i="http://www.w3.org/2001/XMLSchema-instance">
  <Configurations xmlns:a="http://schemas.microsoft.com/2003/10/Serialization/Arrays">
    <Configuration>
      <DataFields xmlns:a="http://schemas.microsoft.com/2003/10/Serialization/Arrays">
        <a:string>OSTCollection</a:string>
      </DataFields>
      <StartDate>2002-01-01T00:00:00</StartDate>
      <EndDate>2020-10-01T00:00:00</EndDate>
      <HorizonInDays>5</HorizonInDays>
      <IncrementalLagInDays>1</IncrementalLagInDays>
      <Temporization>PT0S</Temporization>
      <Tickers xmlns:a="http://schemas.microsoft.com/2003/10/Serialization/Arrays">
        <a:string>AAL LN</a:string>
       <!-- <a:string>ABBN VX</a:string>
        <a:string>ABE SM</a:string>
        <a:string>ABF LN</a:string>
        <a:string>AC FP</a:string>
        <a:string>ACA FP</a:string>
        <a:string>ADEN VX</a:string>
        <a:string>ADM LN</a:string>
        <a:string>ADS GY</a:string>
        <a:string>AENA SM</a:string>
        <a:string>AF FP</a:string>
        <a:string>AGKLN</a:string>
        <a:string>AGS BB</a:string>
        <a:string>AH NA</a:string>
        <a:string>AHT LN</a:string>
        <a:string>AI FP</a:string>
        <a:string>AIR FP</a:string>
        <a:string>AKE FP</a:string>
        <a:string>ALO FP</a:string>
        <a:string>ALV GY</a:string>
        <a:string>AMFW LN</a:string>
        <a:string>AML LN</a:string>
        <a:string>AMS SE</a:string>
        <a:string>AMS SQ</a:string>
        <a:string>AND LN</a:string>
        <a:string>ARM LN</a:string>
        <a:string>ARYN VX</a:string>
        <a:string>ASML NA</a:string>
        <a:string>ASSAB SS</a:string>
        <a:string>ATCOA SS</a:string>
        <a:string>ATLN VX</a:string>
        <a:string>ATO FP</a:string>
        <a:string>AZM IM</a:string>
        <a:string>BA/ LN</a:string>
        <a:string>BAER VX</a:string>
        <a:string>BALN VX</a:string>
        <a:string>BAS GY</a:string>
        <a:string>BATS LN</a:string>
        <a:string>BAYN GY</a:string>
        <a:string>BCP PL</a:string>
        <a:string>BDEV LN</a:string>
        <a:string>BEI GY</a:string>
        <a:string>BG/ LN</a:string>
        <a:string>BKG LN</a:string>
        <a:string>BKIR ID</a:string>
        <a:string>BKT SM</a:string>
        <a:string>BLND LN</a:string>
        <a:string>BLT LN</a:string>
        <a:string>BME SM</a:string>
        <a:string>BMPS IM</a:string>
        <a:string>BMW GY</a:string>
        <a:string>BNP FP</a:string>
        <a:string>BOKA NA</a:string>
        <a:string>BOL SS</a:string>
        <a:string>BOSS GY</a:string>
        <a:string>BP IM</a:string>
        <a:string>BP/ LN</a:string>
        <a:string>BPE IM</a:string>
        <a:string>BT/A LN</a:string>
        <a:string>CA FP</a:string>
        <a:string>CAP FP</a:string>
        <a:string>CARLB DC</a:string>
        <a:string>CCL LN</a:string>
        <a:string>CDI FP</a:string>
        <a:string>CFR VX</a:string>
        <a:string>CHR DC</a:string>
        <a:string>CLN VX</a:string>
        <a:string>CLNX SM</a:string>
        <a:string>CLS1 GY</a:string>
        <a:string>CNA LN</a:string>
        <a:string>CO FP</a:string>
        <a:string>COLOB DC</a:string>
        <a:string>CON GY</a:string>
        <a:string>CPG LN</a:string>
        <a:string>CPI LN</a:string>
        <a:string>CS FP</a:string>
        <a:string>CSGN VX</a:string>
        <a:string>DANSKE DC</a:string>
        <a:string>DELB BB</a:string>
        <a:string>DG FP</a:string>
        <a:string>DGE LN</a:string>
        <a:string>DIA SM</a:string>
        <a:string>DL NA</a:string>
        <a:string>DLG GY</a:string>
        <a:string>DLG LN</a:string>
        <a:string>DLG LN</a:string>
        <a:string>DNB NO</a:string>
        <a:string>DPW GY</a:string>
        <a:string>DSY FP</a:string>
        <a:string>DTE GY</a:string>
        <a:string>DUFN SE</a:string>
        <a:string>EBS AV</a:string>
        <a:string>EDEN FP</a:string>
        <a:string>EDF FP</a:string>
        <a:string>EDP PL</a:string>
        <a:string>EI FP</a:string>
        <a:string>EKTAB SS</a:string>
        <a:string>ELE SQ</a:string>
        <a:string>ELUXB SS</a:string>
        <a:string>ENEL IM</a:string>
        <a:string>ENG SM</a:string>
        <a:string>ENGI FP</a:string>
        <a:string>ENI IM</a:string>
        <a:string>EO FP</a:string>
        <a:string>EOAN GY</a:string>
        <a:string>ERICB SS</a:string>
        <a:string>ETL FP</a:string>
        <a:string>EZJ LN</a:string>
        <a:string>FCA IM</a:string>
        <a:string>FER SM</a:string>
        <a:string>FGR FP</a:string>
        <a:string>FINGB SS</a:string>
        <a:string>FLS DC</a:string>
        <a:string>FME GY</a:string>
        <a:string>FP FP</a:string>
        <a:string>FR FP</a:string>
        <a:string>FRE GY</a:string>
        <a:string>FUM1V FH</a:string>
        <a:string>FUR NA</a:string>
        <a:string>GALN VX</a:string>
        <a:string>GALP PL</a:string>
        <a:string>GAM SM</a:string>
        <a:string>GAS SQ</a:string>
        <a:string>GBF GY</a:string>
        <a:string>GEBN VX</a:string>
        <a:string>GEN DC</a:string>
        <a:string>GETIB SS</a:string>
        <a:string>GFS LN</a:string>
        <a:string>GIVN VX</a:string>
        <a:string>GKN LN</a:string>
        <a:string>GLE FP</a:string>
        <a:string>GLEN LN</a:string>
        <a:string>GRF SQ</a:string>
        <a:string>GSK LN</a:string>
        <a:string>GTO NA</a:string>
        <a:string>HEI GY</a:string>
        <a:string>HEN3 GY</a:string>
        <a:string>HMB SS</a:string>
        <a:string>HMSO LN</a:string>
        <a:string>HNR1 GY</a:string>
        <a:string>HO FP</a:string>
        <a:string>HSBA LN</a:string>
        <a:string>HTO GA</a:string>
        <a:string>IAG LN</a:string>
        <a:string>IBE SQ</a:string>
        <a:string>IFX GY</a:string>
        <a:string>IHG LN</a:string>
        <a:string>ILD FP</a:string>
        <a:string>IMB LN</a:string>
        <a:string>ING FP</a:string>
        <a:string>INVEB SS</a:string>
        <a:string>ISAT LN</a:string>
        <a:string>ISP IM</a:string>
        <a:string>ITV LN</a:string>
        <a:string>ITX SM</a:string>
        <a:string>JAZ SM</a:string>
        <a:string>JMAT LN</a:string>
        <a:string>KBC BB</a:string>
        <a:string>KER FP</a:string>
        <a:string>KGF LN</a:string>
        <a:string>KINVB SS</a:string>
        <a:string>KN FP</a:string>
        <a:string>KNIN VX</a:string>
        <a:string>KPN NA</a:string>
        <a:string>LAND LN</a:string>
        <a:string>LDO IM</a:string>
        <a:string>LHA GY</a:string>
        <a:string>LHN VX</a:string>
        <a:string>LIN GY</a:string>
        <a:string>LLOY LN</a:string>
        <a:string>LONN VX</a:string>
        <a:string>LSE LN</a:string>
        <a:string>LUPE SS</a:string>
        <a:string>LUX IM</a:string>
        <a:string>LXS GY</a:string>
        <a:string>MAERSKB DC</a:string>
        <a:string>MC FP</a:string>
        <a:string>MGGT LN</a:string>
        <a:string>MHG NO</a:string>
        <a:string>MKS LN</a:string>
        <a:string>ML FP</a:string>
        <a:string>MNDI LN</a:string>
        <a:string>MRK GY</a:string>
        <a:string>MRL SM</a:string>
        <a:string>MRW LN</a:string>
        <a:string>MS IM</a:string>
        <a:string>MT NA</a:string>
        <a:string>MUV2 GY</a:string>
        <a:string>NDA SS</a:string>
        <a:string>NESN VX</a:string>
        <a:string>NESTE FH</a:string>
        <a:string>NG/ LN</a:string>
        <a:string>NHY NO</a:string>
        <a:string>NN NA</a:string>
        <a:string>NOVN VX</a:string>
        <a:string>NOVOB DC</a:string>
        <a:string>NRE1V FH</a:string>
        <a:string>NXT LN</a:string>
        <a:string>OML LN</a:string>
        <a:string>OPAP GA</a:string>
        <a:string>OR FP</a:string>
        <a:string>ORA FP</a:string>
        <a:string>OSR GY</a:string>
        <a:string>OUT1V FH</a:string>
        <a:string>PAH3 GY</a:string>
        <a:string>PFC LN</a:string>
        <a:string>PHIA NA</a:string>
        <a:string>PHR PL</a:string>
        <a:string>PMI IM</a:string>
        <a:string>PNDORA DC</a:string>
        <a:string>PNL NA</a:string>
        <a:string>PROX BB</a:string>
        <a:string>PRY IM</a:string>
        <a:string>PSM GY</a:string>
        <a:string>PSN LN</a:string>
        <a:string>PSON LN</a:string>
        <a:string>PUB FP</a:string>
        <a:string>RAND NA</a:string>
        <a:string>RB/ LN</a:string>
        <a:string>RDSA NA</a:string>
        <a:string>REE SM</a:string>
        <a:string>REL LN</a:string>
        <a:string>REN NA</a:string>
        <a:string>REP SQ</a:string>
        <a:string>RI FP</a:string>
        <a:string>RIO LN</a:string>
        <a:string>RMG LN</a:string>
        <a:string>RNO FP</a:string>
        <a:string>ROG VX</a:string>
        <a:string>RR/ LN</a:string>
        <a:string>RRS LN</a:string>
        <a:string>RWE GY</a:string>
        <a:string>RXL FP</a:string>
        <a:string>RYA ID</a:string>
        <a:string>SAF FP</a:string>
        <a:string>SAMAS FH</a:string>
        <a:string>SAN FP</a:string>
        <a:string>SAN SM</a:string>
        <a:string>SAP GY</a:string>
        <a:string>SBMO NA</a:string>
        <a:string>SBRY LN</a:string>
        <a:string>SCHP VX</a:string>
        <a:string>SCMN VX</a:string>
        <a:string>SDF GY</a:string>
        <a:string>SDRL NO</a:string>
        <a:string>SESG FP</a:string>
        <a:string>SEV FP</a:string>
        <a:string>SGE LN</a:string>
        <a:string>SGSN VX</a:string>
        <a:string>SHP LN</a:string>
        <a:string>SIE GY</a:string>
        <a:string>SKAB SS</a:string>
        <a:string>SKFB SS</a:string>
        <a:string>SKG ID</a:string>
        <a:string>SKYD GY</a:string>
        <a:string>SL/ LN</a:string>
        <a:string>SLHN VX</a:string>
        <a:string>SN/ LN</a:string>
        <a:string>SOLB BB</a:string>
        <a:string>SOON VX</a:string>
        <a:string>SPM IM</a:string>
        <a:string>SREN VX</a:string>
        <a:string>SRG IM</a:string>
        <a:string>SSE LN</a:string>
        <a:string>STAN LN</a:string>
        <a:string>STERV FH</a:string>
        <a:string>STL NO</a:string>
        <a:string>STM IM</a:string>
        <a:string>SU FP</a:string>
        <a:string>SUBC NO</a:string>
        <a:string>SVT LN</a:string>
        <a:string>SW FP</a:string>
        <a:string>SWEDA SS</a:string>
        <a:string>SWMA SS</a:string>
        <a:string>SY1 GY</a:string>
        <a:string>SYNN VX</a:string>
        <a:string>TDC DC</a:string>
        <a:string>TEC FP</a:string>
        <a:string>TEF SQ</a:string>
        <a:string>TEL NO</a:string>
        <a:string>TEL2B SS</a:string>
        <a:string>TELIA SS</a:string>
        <a:string>TEN IM</a:string>
        <a:string>TIT IM</a:string>
        <a:string>TKA GY</a:string>
        <a:string>TL5 SM</a:string>
        <a:string>TLW LN</a:string>
        <a:string>TNTE NA</a:string>
        <a:string>TPK LN</a:string>
        <a:string>TRN IM</a:string>
        <a:string>TSCO LN</a:string>
        <a:string>TW/ LN</a:string>
        <a:string>UBI IM</a:string>
        <a:string>UBSN SW</a:string>
        <a:string>UCB BB</a:string>
        <a:string>UG FP</a:string>
        <a:string>UHR VX</a:string>
        <a:string>ULVR LN</a:string>
        <a:string>UMI BB</a:string>
        <a:string>UNA NA</a:string>
        <a:string>UPM1V FH</a:string>
        <a:string>US IM</a:string>
        <a:string>UTDI GY</a:string>
        <a:string>UU/ LN</a:string>
        <a:string>VCL PC IM</a:string>
        <a:string>VIE FP</a:string>
        <a:string>VIV FP</a:string>
        <a:string>VK FP</a:string>
        <a:string>VOD LN</a:string>
        <a:string>VOLVB SS</a:string>
        <a:string>VOW3 GY</a:string>
        <a:string>VWS DC</a:string>
        <a:string>WDI GY</a:string>
        <a:string>WEIR LN</a:string>
        <a:string>WKL NA</a:string>
        <a:string>WMH LN</a:string>
        <a:string>WOS LN</a:string>
        <a:string>WPP LN</a:string>
        <a:string>WTB LN</a:string>
        <a:string>YAR NO</a:string>
        <a:string>ZAL GY</a:string>
        <a:string>ZC FP</a:string>
        <a:string>ZIGGO NA</a:string>
        <a:string>ZURN VX</a:string>-->
      </Tickers>
      <DataHandlersToUse>
        <a:string>DB</a:string>
        <a:string>PRISM_OST</a:string>
      </DataHandlersToUse>
    </Configuration>
  </Configurations>
</DownloadConfig>