<DownloadConfig xmlns="http://schemas.datacontract.org/2004/07/Caesar.Bloomberg.Downloader.Config" xmlns:i="http://www.w3.org/2001/XMLSchema-instance">
  <Configurations/>
  <CsvImports>
    <CsvImport>
      <FileLocation>K:\ED_ExcelTools\Parameters\Caesar\MarketData\PP\NatixisIndex Latest.xlsx</FileLocation>
      <DataField>Last</DataField>
      <CsvColumnName>Index Value</CsvColumnName>
      <!-- "TickerInHeader" or "SingleColumn" -->
      <CsvFormatId>TickerInHeader</CsvFormatId>
      <!-- "Invariant", "fr-FR", "en-US" or "en-GB"-->
      <Culture>en-GB</Culture>
      <DateColumnName>Valuation Date</DateColumnName>
      <TickerColumnName>Index Name</TickerColumnName>
      <TickerTrancoDico xmlns:a="http://schemas.microsoft.com/2003/10/Serialization/Arrays">
        <a:KeyValueOfstringstring>
          <a:Key>Indice Excellence 1</a:Key>
          <a:Value>NXSHEXL.PP</a:Value>
        </a:KeyValueOfstringstring>
        <a:KeyValueOfstringstring>
          <a:Key>Indice Excellence 2</a:Key>
          <a:Value>NXSHEXL2.PP</a:Value>
        </a:KeyValueOfstringstring>
        <a:KeyValueOfstringstring>
          <a:Key>Indice Excellence 3</a:Key>
          <a:Value>NXSHEXL3.PP</a:Value>
        </a:KeyValueOfstringstring>
        <a:KeyValueOfstringstring>
          <a:Key>Indice Excellence 4</a:Key>
          <a:Value>NXSHEXL4.PP</a:Value>
        </a:KeyValueOfstringstring>
        <a:KeyValueOfstringstring>
          <a:Key>Indice Excellence 5</a:Key>
          <a:Value>NXSHEXL5.PP</a:Value>
        </a:KeyValueOfstringstring>
        <a:KeyValueOfstringstring>
          <a:Key>Indice Excellence 6</a:Key>
          <a:Value>NXSHEXL6.PP</a:Value>
        </a:KeyValueOfstringstring>
        <a:KeyValueOfstringstring>
          <a:Key>Indice Excellence Pacifique</a:Key>
          <a:Value>NXSHXLP1.PP</a:Value>
        </a:KeyValueOfstringstring>
        <a:KeyValueOfstringstring>
          <a:Key>Indice Evolution</a:Key>
          <a:Value>NXSHEVOL.PP</a:Value>
        </a:KeyValueOfstringstring>
        <a:KeyValueOfstringstring>
          <a:Key>Indice Evolution 2</a:Key>
            <a:Value>NXSHEVO2.PP</a:Value>
        </a:KeyValueOfstringstring>
      </TickerTrancoDico>
    </CsvImport>
  </CsvImports>
  <MailDownloads xmlns:a="http://schemas.datacontract.org/2004/07/CaesarApplication.Service.Mail">
    <a:MailAttachementDownloadParameters>
      <a:Mail>
        <a:UserName>nt_eqd_sos</a:UserName>
        <a:Password>Ba13h,7j</a:Password>
        <a:ImpersonatedAddress>eda25-desk-quant-applications@natixis.com</a:ImpersonatedAddress>
        <a:PageSize>500</a:PageSize>
        <a:Orders>
          <a:Order>
            <a:ItemSchema>DateTimeReceived</a:ItemSchema>
            <a:SortDirection>Descending</a:SortDirection>
          </a:Order>
        </a:Orders>
        <a:SubjectMatchingRegex>^.*NatixisIndices.*$</a:SubjectMatchingRegex>
      </a:Mail>
      <a:Attachements>
        <a:AttachementCopyParameters>
          <a:DestinationDirectoryPath>K:\ED_ExcelTools\Parameters\Caesar\MarketData\PP</a:DestinationDirectoryPath>
          <a:DestinationFileName>NatixisIndex Latest.xlsx</a:DestinationFileName>
          <a:FileNameGroupingRegex>^NatixisIndex(.*)(\.xlsx)$</a:FileNameGroupingRegex>
          <a:FileNameMatchingRegex>^.*$</a:FileNameMatchingRegex>
        </a:AttachementCopyParameters>
        <a:AttachementCopyParameters>
          <a:DestinationDirectoryPath>K:\ED_ExcelTools\Parameters\Caesar\MarketData\PP</a:DestinationDirectoryPath>
          <a:DestinationFileName>NatixisIndex {0}.xlsx</a:DestinationFileName>
          <a:FileNameGroupingRegex>^NatixisIndex(.*)(\.xlsx)$</a:FileNameGroupingRegex>
          <a:FileNameMatchingRegex>^NatixisIndex(.*)(\.xlsx)$</a:FileNameMatchingRegex>
        </a:AttachementCopyParameters>
      </a:Attachements>
    </a:MailAttachementDownloadParameters>
  </MailDownloads>
</DownloadConfig>