<DownloadConfig xmlns="http://schemas.datacontract.org/2004/07/Caesar.Bloomberg.Downloader.Config" xmlns:i="http://www.w3.org/2001/XMLSchema-instance">
  <Configurations xmlns:a="http://schemas.microsoft.com/2003/10/Serialization/Arrays">
    <!-- First configuration : Get components of the indices given -->
    <Configuration>
      <DataFields xmlns:a="http://schemas.microsoft.com/2003/10/Serialization/Arrays">
        <a:string>Last</a:string>
      </DataFields>
      <!--<StartDate>1999-05-03T00:00:00</StartDate>
      <EndDate>2016-01-06T00:00:00</EndDate>-->
      <HorizonInDays>5</HorizonInDays>
      <IncrementalLagInDays>1</IncrementalLagInDays>
      <Temporization>PT0S</Temporization>
      <Tickers xmlns:a="http://schemas.microsoft.com/2003/10/Serialization/Arrays">
        <!-- Start : ETF components of the MSDA -->
        <a:string>EEM UP</a:string>
        <a:string>EFA UP</a:string>
        <a:string>SPY UP</a:string>
        <a:string>TLT UP</a:string>
        <a:string>HYG US</a:string>
        <a:string>LQD US</a:string>
        <a:string>EMB UP</a:string>
        <a:string>AGG US</a:string>
        <a:string>IEF UP</a:string>
        <a:string>GLD UP</a:string>
        <a:string>IYR UP</a:string>
        <!-- End : ETF components of the MSDA -->
        <!-- Start : Index component of the MSDA -->
        <a:string>MSUST2TR</a:string>
        <!-- End : Index component of the MSDA -->
        <a:string>FEDL01</a:string>
      </Tickers>
      <UniverseDates xmlns:a="http://schemas.microsoft.com/2003/10/Serialization/Arrays">
      </UniverseDates>
      <Universes xmlns:a="http://schemas.microsoft.com/2003/10/Serialization/Arrays">
      </Universes>
      <DataHandlersToUse>
        <a:string>DB</a:string>
        <a:string>PRISM</a:string>
        <a:string>PRISM_PRICES</a:string>
        <a:string>PRISM_POLLING</a:string>
      </DataHandlersToUse>
    </Configuration>
  </Configurations>
</DownloadConfig>