﻿<DownloadConfig xmlns="http://schemas.datacontract.org/2004/07/Caesar.Bloomberg.Downloader.Config" xmlns:i="http://www.w3.org/2001/XMLSchema-instance">
  <Configurations xmlns:a="http://schemas.microsoft.com/2003/10/Serialization/Arrays">
    <Configuration>
      <DataFields xmlns:a="http://schemas.microsoft.com/2003/10/Serialization/Arrays">
        <a:string>OptionDescAndPrices</a:string>
      </DataFields>
      <StartDate>2010-01-01T00:00:00</StartDate>
      <EndDate>2016-01-01T00:00:00</EndDate>
      <!--<HorizonInDays>5</HorizonInDays>-->
      <!--<IncrementalLagInDays>1</IncrementalLagInDays>-->
      <Temporization>PT0S</Temporization>
      <Tickers xmlns:a="http://schemas.microsoft.com/2003/10/Serialization/Arrays">
        <a:string>SPX</a:string>
        <!--<a:string>SX5E</a:string>-->
      </Tickers>
      <UniverseDates xmlns:a="http://schemas.microsoft.com/2003/10/Serialization/Arrays">
      </UniverseDates>
      <Universes xmlns:a="http://schemas.microsoft.com/2003/10/Serialization/Arrays">
      </Universes>
      <DataHandlersToUse>
        <a:string>DB</a:string>
        <a:string>PRISM</a:string>
      </DataHandlersToUse>
    </Configuration>
  </Configurations>
</DownloadConfig>