<DownloadConfig xmlns="http://schemas.datacontract.org/2004/07/Caesar.Bloomberg.Downloader.Config" xmlns:i="http://www.w3.org/2001/XMLSchema-instance">
  <Configurations/>
  <CsvImports>
    <CsvImport>
      <FileLocation>K:\ED_ExcelTools\Parameters\Caesar\MarketData\IAPR\IAPR_Latest.csv</FileLocation>
      <Ticker></Ticker>
      <DataField>Other</DataField>
      <CSVColumnName></CSVColumnName>
      <!-- "TickerInHeader" or "SingleColumn" -->
      <CsvFormatId>SingleColumn</CsvFormatId>
      <!-- "Invariant", "fr-FR", "en-US" or "en-GB"-->
      <Culture>en-GB</Culture>
    </CsvImport>
  </CsvImports>
</DownloadConfig>