<DownloadConfig xmlns="http://schemas.datacontract.org/2004/07/Caesar.Bloomberg.Downloader.Config" xmlns:i="http://www.w3.org/2001/XMLSchema-instance">
  <Configurations xmlns:a="http://schemas.microsoft.com/2003/10/Serialization/Arrays">
    <!-- First configuration : Get components of the indices given -->
    <Configuration>
      <DataFields xmlns:a="http://schemas.microsoft.com/2003/10/Serialization/Arrays">
        <a:string>Last</a:string>
      </DataFields>
      <!--<StartDate>1999-05-03T00:00:00</StartDate>
      <EndDate>2016-01-06T00:00:00</EndDate>-->
      <HorizonInDays>5</HorizonInDays>
      <IncrementalLagInDays>1</IncrementalLagInDays>
      <Temporization>PT0S</Temporization>
      <DataHandlersToUse>
        <a:string>DB</a:string>
        <a:string>PRISM</a:string>
        <a:string>PRISM_PRICES</a:string>
        <a:string>PRISM_POLLING</a:string>
      </DataHandlersToUse>
    </Configuration>
  </Configurations>
</DownloadConfig>