﻿<DownloadConfig xmlns="http://schemas.datacontract.org/2004/07/Caesar.Bloomberg.Downloader.Config" xmlns:i="http://www.w3.org/2001/XMLSchema-instance">
	<Configurations xmlns:a="http://schemas.microsoft.com/2003/10/Serialization/Arrays">
		<Configuration>
			<DataFields xmlns:a="http://schemas.microsoft.com/2003/10/Serialization/Arrays">
				<a:string>OptionDescAndPrices</a:string>
			</DataFields>
			<StartDate>2006-01-01T00:00:00</StartDate>
			<EndDate>2011-12-31T00:00:00</EndDate>
			<HorizonInDays>0</HorizonInDays>
			<!--
			<IncrementalLagInDays>1</IncrementalLagInDays>
			-->
			<Temporization>PT0S</Temporization>
			<Tickers xmlns:a="http://schemas.microsoft.com/2003/10/Serialization/Arrays">
				<a:string>VIX</a:string>
			</Tickers>
			<UniverseDates xmlns:a="http://schemas.microsoft.com/2003/10/Serialization/Arrays">
			</UniverseDates>
			<Universes xmlns:a="http://schemas.microsoft.com/2003/10/Serialization/Arrays">
			</Universes>
			<DataHandlersToUse>
				<a:string>DB</a:string>
				<a:string>IVY</a:string>
			</DataHandlersToUse>
			<SaveDefaultSource>false</SaveDefaultSource>
		</Configuration>
	</Configurations>
</DownloadConfig>