<DownloadConfig xmlns="http://schemas.datacontract.org/2004/07/Caesar.Bloomberg.Downloader.Config" xmlns:i="http://www.w3.org/2001/XMLSchema-instance">
  <Configurations/>
  <CsvImports>
    <CsvImport>
      <FileLocation>K:\ED_ExcelTools\Parameters\Caesar\MarketData\DNCA Finance\DCNA_NAV Latest.csv</FileLocation>
      <DataField>Last</DataField>
      <CsvColumnName>VL</CsvColumnName>
      <!-- "TickerInHeader" or "SingleColumn" -->
      <CsvFormatId>TickerInHeader</CsvFormatId>
      <!-- "Invariant", "fr-FR", "en-US" or "en-GB"-->
      <Culture>en-GB</Culture>
      <DateColumnName>Date cotation</DateColumnName>
      <TickerColumnName>ISIN</TickerColumnName>
    </CsvImport>
    <CsvImport>
      <FileLocation>K:\ED_ExcelTools\Parameters\Caesar\MarketData\OPVCVM Lazard\Lazard NAVs Latest.csv</FileLocation>
      <DataField>Last</DataField>
      <CsvColumnName>VL</CsvColumnName>
      <!-- "TickerInHeader" or "SingleColumn" -->
      <CsvFormatId>TickerInHeader</CsvFormatId>
      <!-- "Invariant", "fr-FR", "en-US" or "en-GB"-->
      <Culture>en-GB</Culture>
      <DateColumnName>Date de VL</DateColumnName>
      <TickerColumnName>Code ISIN</TickerColumnName>
    </CsvImport>
  </CsvImports>
  <MailDownloads xmlns:a="http://schemas.datacontract.org/2004/07/CaesarApplication.Service.Mail">
    <a:MailAttachementDownloadParameters>
      <a:Mail>
        <a:UserName>nt_eqd_sos</a:UserName>
        <a:Password>Ba13h,7j</a:Password>
        <a:ImpersonatedAddress>eda25-desk-quant-applications@natixis.com</a:ImpersonatedAddress>
        <a:PageSize>500</a:PageSize>
        <a:Orders>
          <a:Order>
            <a:ItemSchema>DateTimeReceived</a:ItemSchema>
            <a:SortDirection>Descending</a:SortDirection>
          </a:Order>
        </a:Orders>
        <a:SubjectMatchingRegex>^.*DNCA Finance | Valeurs Liquidatives au .*$</a:SubjectMatchingRegex>
      </a:Mail>
      <a:Attachements>
        <a:AttachementCopyParameters>
          <a:DestinationDirectoryPath>K:\ED_ExcelTools\Parameters\Caesar\MarketData\DNCA Finance</a:DestinationDirectoryPath>
          <a:DestinationFileName>DCNA_NAV Latest.csv</a:DestinationFileName>
          <a:FileNameGroupingRegex>^cotation_mailing_dnca_fr_([0-2][0-9][0-9][0-9]\-[0-1][0-9]\-[0-9][0-9])(\.csv$)</a:FileNameGroupingRegex>
          <a:FileNameMatchingRegex>^cotation_mailing_dnca_fr_[0-2][0-9][0-9][0-9]\-[0-1][0-9]\-[0-9][0-9]\.csv$</a:FileNameMatchingRegex>
        </a:AttachementCopyParameters>
        <a:AttachementCopyParameters>
          <a:DestinationDirectoryPath>K:\ED_ExcelTools\Parameters\Caesar\MarketData\DNCA Finance</a:DestinationDirectoryPath>
          <a:DestinationFileName>DCNA_NAV {0}.csv</a:DestinationFileName>
          <a:FileNameGroupingRegex>^cotation_mailing_dnca_fr_([0-2][0-9][0-9][0-9]\-[0-1][0-9]\-[0-9][0-9])(\.csv$)</a:FileNameGroupingRegex>
          <a:FileNameMatchingRegex>^cotation_mailing_dnca_fr_[0-2][0-9][0-9][0-9]\-[0-1][0-9]\-[0-9][0-9]\.csv$</a:FileNameMatchingRegex>
        </a:AttachementCopyParameters>
      </a:Attachements>
    </a:MailAttachementDownloadParameters>
    <a:MailAttachementDownloadParameters>
      <a:Mail>
        <a:UserName>nt_eqd_sos</a:UserName>
        <a:Password>Ba13h,7j</a:Password>
        <a:ImpersonatedAddress>eda25-desk-quant-applications@natixis.com</a:ImpersonatedAddress>
        <a:PageSize>500</a:PageSize>
        <a:Orders>
          <a:Order>
            <a:ItemSchema>DateTimeReceived</a:ItemSchema>
            <a:SortDirection>Descending</a:SortDirection>
          </a:Order>
        </a:Orders>
        <a:SubjectMatchingRegex>^.*Valeurs liquidatives d'OPVCVM Lazard :.*$</a:SubjectMatchingRegex>
      </a:Mail>
      <a:Attachements>
        <a:AttachementCopyParameters>
          <a:DestinationDirectoryPath>K:\ED_ExcelTools\Parameters\Caesar\MarketData\OPVCVM Lazard</a:DestinationDirectoryPath>
          <a:DestinationFileName>Lazard NAVs Latest.csv</a:DestinationFileName>
          <a:FileNameGroupingRegex>^.*$</a:FileNameGroupingRegex>
          <a:FileNameMatchingRegex>^.*$</a:FileNameMatchingRegex>
        </a:AttachementCopyParameters>
        <a:AttachementCopyParameters>
          <a:DestinationDirectoryPath>K:\ED_ExcelTools\Parameters\Caesar\MarketData\OPVCVM Lazard</a:DestinationDirectoryPath>
          <a:DestinationFileName>Lazard NAVs {DateTime.Today}.csv</a:DestinationFileName>
          <a:FileNameGroupingRegex>^.*$</a:FileNameGroupingRegex>
          <a:FileNameMatchingRegex>^.*$</a:FileNameMatchingRegex>
        </a:AttachementCopyParameters>
      </a:Attachements>
    </a:MailAttachementDownloadParameters>
  </MailDownloads>
</DownloadConfig>