<DownloadConfig xmlns="http://schemas.datacontract.org/2004/07/Caesar.Bloomberg.Downloader.Config" xmlns:i="http://www.w3.org/2001/XMLSchema-instance">
  <Configurations xmlns:a="http://schemas.microsoft.com/2003/10/Serialization/Arrays">
    <!-- First configuration : Get components of the indices given -->
    <Configuration>
      <DataFields xmlns:a="http://schemas.microsoft.com/2003/10/Serialization/Arrays">
        <a:string>Last</a:string>
      </DataFields>
      <HorizonInDays>5</HorizonInDays>
      <IncrementalLagInDays>1</IncrementalLagInDays>
      <!--<StartDate>1999-05-03T00:00:00</StartDate>
      <EndDate>2016-01-06T00:00:00</EndDate>-->
      <Temporization>PT0S</Temporization>
      <Tickers xmlns:a="http://schemas.microsoft.com/2003/10/Serialization/Arrays">
        <!-- Start : ETF components of the MSDA -->
        <a:string>NXSHARPE</a:string>
        <a:string>NXSHARPU</a:string>
        <!-- End : ETF components of the MSDA -->
      </Tickers>
      <UniverseDates xmlns:a="http://schemas.microsoft.com/2003/10/Serialization/Arrays">
      </UniverseDates>
      <Universes xmlns:a="http://schemas.microsoft.com/2003/10/Serialization/Arrays">
      </Universes>
      <DataHandlersToUse>
        <a:string>DB</a:string>
        <a:string>SOPHIS</a:string>
      </DataHandlersToUse>
    </Configuration>
  </Configurations>
</DownloadConfig>