<DownloadConfig xmlns="http://schemas.datacontract.org/2004/07/Caesar.Bloomberg.Downloader.Config" xmlns:i="http://www.w3.org/2001/XMLSchema-instance">
  <Configurations xmlns:a="http://schemas.microsoft.com/2003/10/Serialization/Arrays">
    <Configuration>
      <DataFields xmlns:a="http://schemas.microsoft.com/2003/10/Serialization/Arrays">
        <a:string>OSTCollection</a:string>
      </DataFields>
      <StartDate>1970-01-01T00:00:00</StartDate>
      <EndDate>2025-10-01T00:00:00</EndDate>
      <HorizonInDays>5</HorizonInDays>
      <IncrementalLagInDays>1</IncrementalLagInDays>
      <Temporization>PT0S</Temporization>
      <Tickers xmlns:a="http://schemas.microsoft.com/2003/10/Serialization/Arrays">
        <!-- Start : BNPIHDUG components -->
        <a:string>ISPIM</a:string>
        <a:string>ITVLN</a:string>
        <a:string>ITXSM</a:string>
        <a:string>JAZSM</a:string>
        <a:string>JMATLN</a:string>
        <a:string>KBCBB</a:string>
        <a:string>KERFP</a:string>
        <a:string>KGFLN</a:string>
        <a:string>KINVBSS</a:string>
        <a:string>KNFP</a:string>
        <a:string>KNINVX</a:string>
        <a:string>KPNNA</a:string>
        <a:string>LANDLN</a:string>
        <a:string>LDOIM</a:string>
        <a:string>LHAGY</a:string>
        <a:string>LHNVX</a:string>
        <a:string>LINGY</a:string>
        <a:string>LLOYLN</a:string>
        <a:string>LONNVX</a:string>
        <a:string>LSELN</a:string>
        <a:string>LUPESS</a:string>
        <a:string>LUXIM</a:string>
        <a:string>LXSGY</a:string>
        <a:string>MAERSKBDC</a:string>
        <a:string>MCFP</a:string>
        <a:string>MGGTLN</a:string>
        <a:string>MHGNO</a:string>
        <a:string>MKSLN</a:string>
        <a:string>MLFP</a:string>
        <a:string>MNDILN</a:string>
        <a:string>MRKGY</a:string>
        <a:string>MRLSM</a:string>
        <a:string>MRWLN</a:string>
        <a:string>MSIM</a:string>
        <a:string>MTNA</a:string>
        <a:string>MUV2GY</a:string>
        <a:string>NDASS</a:string>
        <a:string>NESNVX</a:string>
        <a:string>NESTEFH</a:string>
        <a:string>NG/LN</a:string>
        <a:string>NHYNO</a:string>
        <a:string>NNNA</a:string>
        <a:string>NOVNVX</a:string>
        <a:string>NOVOBDC</a:string>
        <a:string>NRE1VFH</a:string>
        <a:string>NXTLN</a:string>
        <a:string>OMLLN</a:string>
        <a:string>OPAPGA</a:string>
        <a:string>ORFP</a:string>
        <a:string>ORAFP</a:string>
        <a:string>OSRGY</a:string>
        <a:string>OUT1VFH</a:string>
        <a:string>PAH3GY</a:string>
        <a:string>PFCLN</a:string>
        <a:string>PHIANA</a:string>
        <a:string>PHRPL</a:string>
        <a:string>PMIIM</a:string>
        <a:string>PNDORADC</a:string>
        <a:string>PNLNA</a:string>
        <a:string>PROXBB</a:string>
        <a:string>PRYIM</a:string>
        <a:string>PSMGY</a:string>
        <a:string>PSNLN</a:string>
        <a:string>PSONLN</a:string>
        <a:string>PUBFP</a:string>
        <a:string>RANDNA</a:string>
        <a:string>RB/LN</a:string>
        <a:string>RDSANA</a:string>
        <a:string>REESM</a:string>
        <a:string>RELLN</a:string>
        <a:string>RENNA</a:string>
        <a:string>REPSQ</a:string>
        <a:string>RIFP</a:string>
        <a:string>RIOLN</a:string>
        <a:string>RMGLN</a:string>
        <a:string>RNOFP</a:string>
        <a:string>ROGVX</a:string>
        <a:string>RR/LN</a:string>
        <a:string>RRSLN</a:string>
        <a:string>RWEGY</a:string>
        <a:string>RXLFP</a:string>
        <a:string>RYAID</a:string>
        <a:string>SAFFP</a:string>
        <a:string>SAMASFH</a:string>
        <a:string>SANFP</a:string>
        <a:string>SANSM</a:string>
        <a:string>SAPGY</a:string>
        <a:string>SBMONA</a:string>
        <a:string>SBRYLN</a:string>
        <a:string>SCHPVX</a:string>
        <a:string>SCMNVX</a:string>
        <a:string>SDFGY</a:string>
        <a:string>SDRLNO</a:string>
        <a:string>SESGFP</a:string>
        <a:string>SEVFP</a:string>
        <a:string>SGELN</a:string>
        <a:string>SGSNVX</a:string>
        <a:string>SHPLN</a:string>
        <a:string>SIEGY</a:string>
        <a:string>SKABSS</a:string>
        <a:string>SKFBSS</a:string>
        <a:string>SKGID</a:string>
        <a:string>SKYDGY</a:string>
        <a:string>SL/LN</a:string>
        <a:string>SLHNVX</a:string>
        <a:string>SN/LN</a:string>
        <a:string>SOLBBB</a:string>
        <a:string>SOONVX</a:string>
        <a:string>SPMIM</a:string>
        <a:string>SRENVX</a:string>
        <a:string>SRGIM</a:string>
        <a:string>SSELN</a:string>
        <a:string>STANLN</a:string>
        <a:string>STERVFH</a:string>
        <a:string>STLNO</a:string>
        <a:string>STMIM</a:string>
        <a:string>SUFP</a:string>
        <a:string>SUBCNO</a:string>
        <a:string>SVTLN</a:string>
        <a:string>SWFP</a:string>
        <a:string>SWEDASS</a:string>
        <a:string>SWMASS</a:string>
        <a:string>SY1GY</a:string>
        <a:string>SYNNVX</a:string>
        <a:string>TDCDC</a:string>
        <a:string>TECFP</a:string>
        <a:string>TEFSQ</a:string>
        <a:string>TELNO</a:string>
        <a:string>TEL2BSS</a:string>
        <a:string>TELIASS</a:string>
        <a:string>TENIM</a:string>
        <a:string>TITIM</a:string>
        <a:string>TKAGY</a:string>
        <a:string>TL5SM</a:string>
        <a:string>TLWLN</a:string>
        <a:string>TNTENA</a:string>
        <a:string>TPKLN</a:string>
        <a:string>TRNIM</a:string>
        <a:string>TSCOLN</a:string>
        <a:string>TW/LN</a:string>
        <a:string>UBIIM</a:string>
        <a:string>UBSNSW</a:string>
        <a:string>UCBBB</a:string>
        <a:string>UGFP</a:string>
        <a:string>UHRVX</a:string>
        <a:string>ULVRLN</a:string>
        <a:string>UMIBB</a:string>
        <a:string>UNANA</a:string>
        <a:string>UPM1VFH</a:string>
        <a:string>USIM</a:string>
        <a:string>AMSSM</a:string>
        <a:string>ANDLN</a:string>
        <a:string>ARMLN</a:string>
        <a:string>ARYNVX</a:string>
        <a:string>ASMLNA</a:string>
        <a:string>ABESM</a:string>
        <a:string>ABFLN</a:string>
        <a:string>ACFP</a:string>
        <a:string>ACAFP</a:string>
        <a:string>ADENVX</a:string>
        <a:string>ADMLN</a:string>
        <a:string>ADSGY</a:string>
        <a:string>AENASM</a:string>
        <a:string>AFFP</a:string>
        <a:string>AGKLN</a:string>
        <a:string>AGSBB</a:string>
        <a:string>AHNA</a:string>
        <a:string>AHTLN</a:string>
        <a:string>AIFP</a:string>
        <a:string>AIRFP</a:string>
        <a:string>AKEFP</a:string>
        <a:string>ALOFP</a:string>
        <a:string>ALVGY</a:string>
        <a:string>AMFWLN</a:string>
        <a:string>AMLLN</a:string>
        <a:string>AMSSE</a:string>
        <a:string>ASSABSS</a:string>
        <a:string>ATCOASS</a:string>
        <a:string>ATLNVX</a:string>
        <a:string>ATOFP</a:string>
        <a:string>AZMIM</a:string>
        <a:string>BA/LN</a:string>
        <a:string>BAERVX</a:string>
        <a:string>BALNVX</a:string>
        <a:string>BASGY</a:string>
        <a:string>BATSLN</a:string>
        <a:string>BAYNGY</a:string>
        <a:string>BCPPL</a:string>
        <a:string>BDEVLN</a:string>
        <a:string>BEIGY</a:string>
        <a:string>BG/LN</a:string>
        <a:string>BKGLN</a:string>
        <a:string>BKIRID</a:string>
        <a:string>BKTSM</a:string>
        <a:string>BLNDLN</a:string>
        <a:string>BLTLN</a:string>
        <a:string>BMESM</a:string>
        <a:string>BMPSIM</a:string>
        <a:string>BMWGY</a:string>
        <a:string>BNPFP</a:string>
        <a:string>BOKANA</a:string>
        <a:string>BOLSS</a:string>
        <a:string>BOSSGY</a:string>
        <a:string>BPIM</a:string>
        <a:string>BP/LN</a:string>
        <a:string>BPEIM</a:string>
        <a:string>BT/ALN</a:string>
        <a:string>CAFP</a:string>
        <a:string>CAPFP</a:string>
        <a:string>CARLBDC</a:string>
        <a:string>CCLLN</a:string>
        <a:string>CDIFP</a:string>
        <a:string>CFRVX</a:string>
        <a:string>CHRDC</a:string>
        <a:string>CLNVX</a:string>
        <a:string>CLNXSM</a:string>
        <a:string>CLS1GY</a:string>
        <a:string>CNALN</a:string>
        <a:string>COFP</a:string>
        <a:string>COLOBDC</a:string>
        <a:string>CONGY</a:string>
        <a:string>CPGLN</a:string>
        <a:string>CPILN</a:string>
        <a:string>CSFP</a:string>
        <a:string>CSGNVX</a:string>
        <a:string>DANSKEDC</a:string>
        <a:string>ABBNVX</a:string>
        <a:string>DELBBB</a:string>
        <a:string>DGFP</a:string>
        <a:string>DGELN</a:string>
        <a:string>DIASM</a:string>
        <a:string>DHRUN</a:string>
        <a:string>DLNA</a:string>
        <a:string>DLGGY</a:string>
        <a:string>DLGLN</a:string>
        <a:string>DNBNO</a:string>
        <a:string>DPWGY</a:string>
        <a:string>DSYFP</a:string>
        <a:string>DTEGY</a:string>
        <a:string>DUFNSE</a:string>
        <a:string>EBSAV</a:string>
        <a:string>EDENFP</a:string>
        <a:string>EDFFP</a:string>
        <a:string>EDPPL</a:string>
        <a:string>EIFP</a:string>
        <a:string>EKTABSS</a:string>
        <a:string>ELESQ</a:string>
        <a:string>ELUXBSS</a:string>
        <a:string>ENELIM</a:string>
        <a:string>ENGSM</a:string>
        <a:string>ENGIFP</a:string>
        <a:string>ENIIM</a:string>
        <a:string>EOFP</a:string>
        <a:string>EOANGY</a:string>
        <a:string>ERICBSS</a:string>
        <a:string>ETLFP</a:string>
        <a:string>EZJLN</a:string>
        <a:string>FCAIM</a:string>
        <a:string>FERSM</a:string>
        <a:string>FGRFP</a:string>
        <a:string>FINGBSS</a:string>
        <a:string>FLSDC</a:string>
        <a:string>FMEGY</a:string>
        <a:string>FPFP</a:string>
        <a:string>FRFP</a:string>
        <a:string>FREGY</a:string>
        <a:string>FUM1VFH</a:string>
        <a:string>FURNA</a:string>
        <a:string>GALNVX</a:string>
        <a:string>GALPPL</a:string>
        <a:string>GAMSM</a:string>
        <a:string>GASSQ</a:string>
        <a:string>GBFGY</a:string>
        <a:string>GEBNVX</a:string>
        <a:string>GENDC</a:string>
        <a:string>GETIBSS</a:string>
        <a:string>GFSLN</a:string>
        <a:string>GIVNVX</a:string>
        <a:string>GKNLN</a:string>
        <a:string>GLEFP</a:string>
        <a:string>GLENLN</a:string>
        <a:string>GRFSM</a:string>
        <a:string>GSKLN</a:string>
        <a:string>GTONA</a:string>
        <a:string>HEIGY</a:string>
        <a:string>HEN3GY</a:string>
        <a:string>HMBSS</a:string>
        <a:string>HMSOLN</a:string>
        <a:string>HNR1GY</a:string>
        <a:string>HOFP</a:string>
        <a:string>HSBALN</a:string>
        <a:string>HTOGA</a:string>
        <a:string>IAGLN</a:string>
        <a:string>IBESQ</a:string>
        <a:string>IFXGY</a:string>
        <a:string>IHGLN</a:string>
        <a:string>ILDFP</a:string>
        <a:string>IMBLN</a:string>
        <a:string>INGFP</a:string>
        <a:string>INVEBSS</a:string>
        <a:string>ISATLN</a:string>
        <a:string>AALLN</a:string>
        <a:string>UTDIGY</a:string>
        <a:string>UU/LN</a:string>
        <a:string>VCLPCIM</a:string>
        <a:string>VIEFP</a:string>
        <a:string>VIVFP</a:string>
        <a:string>VKFP</a:string>
        <a:string>VODLN</a:string>
        <a:string>VOLVBSS</a:string>
        <a:string>VOW3GY</a:string>
        <a:string>VWSDC</a:string>
        <a:string>WDIGY</a:string>
        <a:string>WEIRLN</a:string>
        <a:string>WKLNA</a:string>
        <a:string>WMHLN</a:string>
        <a:string>WOSLN</a:string>
        <a:string>WPPLN</a:string>
        <a:string>WTBLN</a:string>
        <a:string>YARNO</a:string>
        <a:string>ZALGY</a:string>
        <a:string>ZCFP</a:string>
        <a:string>ZIGGONA</a:string>
        <a:string>ZURNVX</a:string>

      </Tickers>
      <UniverseDates xmlns:a="http://schemas.microsoft.com/2003/10/Serialization/Arrays">
        <a:dateTime>2014-06-23T00:00:00</a:dateTime>
        <a:dateTime>2014-09-22T00:00:00</a:dateTime>
        <a:dateTime>2014-12-22T00:00:00</a:dateTime>
        <a:dateTime>2015-03-23T00:00:00</a:dateTime>
        <a:dateTime>2015-06-22T00:00:00</a:dateTime>
        <a:dateTime>2015-09-28T00:00:00</a:dateTime>
        <a:dateTime>2015-12-21T00:00:00</a:dateTime>
      </UniverseDates>
      <Universes xmlns:a="http://schemas.microsoft.com/2003/10/Serialization/Arrays">
        <a:string>SPX</a:string>
        <a:string>SX5E</a:string>
      </Universes>
      <DataHandlersToUse>
        <a:string>DB</a:string>
        <a:string>PRISM</a:string>
        <a:string>PRISM_PRICES</a:string>
        <a:string>PRISM_OST</a:string>
        <a:string>PRISM_POLLING</a:string>
      </DataHandlersToUse>
    </Configuration>
  </Configurations>
</DownloadConfig>