<DownloadConfig xmlns="http://schemas.datacontract.org/2004/07/Caesar.Bloomberg.Downloader.Config" xmlns:i="http://www.w3.org/2001/XMLSchema-instance">
  <Configurations/>
  <CsvImports>
    <CsvImport>
      <FileLocation>{{File}}</FileLocation>
      <Ticker />
      <DataField>{{Field}}</DataField>
      <CSVColumnName />
      <!-- "TickerInHeader" or "SingleColumn" -->
      <CsvFormatId>SingleColumn</CsvFormatId>
      <!-- "Invariant", "fr-FR", "en-US" or "en-GB"-->
      <Culture>en-GB</Culture>
    </CsvImport>
  </CsvImports>
</DownloadConfig>