<?xml version="1.0" encoding="UTF-8"?>
<udm.DeploymentPackage>
  <orchestrator>
    <value>sequential-by-container</value>
  </orchestrator>
  <satisfiesDbaValidation>false</satisfiesDbaValidation>
  <deployables>
    <nxsGeneric.Zip name="CaesarDealServer" file="bin.zip">
      <tags>
        <value>bin</value>
      </tags>
      <scanPlaceholders>true</scanPlaceholders>
      <dependencies/>
      <postCommand>XCOPY {{RootDirectory}}\XL-Deploy-Templates\* {{RootDirectory}} /Y</postCommand>
      <relativeTargetDirectory>{{RootDirectory}}</relativeTargetDirectory>
      <createFolderOnContainer>true</createFolderOnContainer>
    </nxsGeneric.Zip>

  </deployables>

 
</udm.DeploymentPackage>